alpha,avg_traffic,success_prob
0.31,1439.64,59.0
0.32,1430.59,68.0
0.32999999999999996,1439.81,70.0
0.33999999999999997,1428.79,66.0
0.35,1429.89,77.0
